"DESCRIPTION","DURATION IN MS","NAME","PARENT SUITE","START TIME","STATUS","STOP TIME","SUB SUITE","SUITE","TEST CLASS","TEST METHOD"
"","87","Сортировка по имени «az» выстраивает товары верно","tests","Wed Sep 30 13:13:39 UTC 2026","passed","Wed Sep 30 13:13:39 UTC 2026","TestInventory","test_inventory","",""
"","475","Пропущенное поле «имя» блокирует оформление","tests","Wed Sep 30 13:13:37 UTC 2026","passed","Wed Sep 30 13:13:37 UTC 2026","TestCheckout","test_checkout","",""
"","322","Пользователь «visual_user» попадает в каталог","tests","Wed Sep 30 13:13:40 UTC 2026","passed","Wed Sep 30 13:13:40 UTC 2026","TestLogin","test_login","",""
"","205","Счётчик корзины растёт при добавлении товаров","tests","Wed Sep 30 13:13:38 UTC 2026","passed","Wed Sep 30 13:13:38 UTC 2026","TestInventory","test_inventory","",""
"","484","Пропущенное поле «индекс» блокирует оформление","tests","Wed Sep 30 13:13:37 UTC 2026","passed","Wed Sep 30 13:13:38 UTC 2026","TestCheckout","test_checkout","",""
"","92","Сортировка по цене «hilo» выстраивает товары верно","tests","Wed Sep 30 13:13:39 UTC 2026","passed","Wed Sep 30 13:13:39 UTC 2026","TestInventory","test_inventory","",""
"","229","Пустое поле «логин» блокирует вход","tests","Wed Sep 30 13:13:41 UTC 2026","passed","Wed Sep 30 13:13:41 UTC 2026","TestLogin","test_login","",""
"","411","Пользователь «error_user» попадает в каталог","tests","Wed Sep 30 13:13:40 UTC 2026","passed","Wed Sep 30 13:13:40 UTC 2026","TestLogin","test_login","",""
"","142","Сортировка по имени «za» выстраивает товары верно","tests","Wed Sep 30 13:13:39 UTC 2026","passed","Wed Sep 30 13:13:40 UTC 2026","TestInventory","test_inventory","",""
"","329","Неверный пароль не пускает в систему","tests","Wed Sep 30 13:13:41 UTC 2026","passed","Wed Sep 30 13:13:41 UTC 2026","TestLogin","test_login","",""
"","530","Итог равен сумме позиций плюс налог 8%","tests","Wed Sep 30 13:13:36 UTC 2026","passed","Wed Sep 30 13:13:36 UTC 2026","TestCheckout","test_checkout","",""
"","310","Пользователь «standard_user» попадает в каталог","tests","Wed Sep 30 13:13:40 UTC 2026","passed","Wed Sep 30 13:13:40 UTC 2026","TestLogin","test_login","",""
"","162","Сортировка по цене «lohi» выстраивает товары верно","tests","Wed Sep 30 13:13:38 UTC 2026","passed","Wed Sep 30 13:13:39 UTC 2026","TestInventory","test_inventory","",""
"","136","В каталоге шесть товаров, у каждого есть имя и цена","tests","Wed Sep 30 13:13:38 UTC 2026","passed","Wed Sep 30 13:13:38 UTC 2026","TestInventory","test_inventory","",""
"","315","«Continue shopping» возвращает в каталог без потери корзины","tests","Wed Sep 30 13:13:36 UTC 2026","passed","Wed Sep 30 13:13:36 UTC 2026","TestCart","test_cart","",""
"","264","Заблокированный пользователь получает понятную ошибку","tests","Wed Sep 30 13:13:40 UTC 2026","passed","Wed Sep 30 13:13:41 UTC 2026","TestLogin","test_login","",""
"","5213","Медленный пользователь всё же доходит до каталога","tests","Wed Sep 30 13:13:41 UTC 2026","passed","Wed Sep 30 13:13:46 UTC 2026","TestLogin","test_login","",""
"","225","Удаление товара возвращает счётчик обратно","tests","Wed Sep 30 13:13:38 UTC 2026","passed","Wed Sep 30 13:13:39 UTC 2026","TestInventory","test_inventory","",""
"","374","Пользователь «problem_user» попадает в каталог","tests","Wed Sep 30 13:13:40 UTC 2026","passed","Wed Sep 30 13:13:40 UTC 2026","TestLogin","test_login","",""
"","637","Полный путь от каталога до подтверждения заказа","tests","Wed Sep 30 13:13:37 UTC 2026","passed","Wed Sep 30 13:13:38 UTC 2026","TestCheckout","test_checkout","",""
"","451","Пропущенное поле «фамилия» блокирует оформление","tests","Wed Sep 30 13:13:36 UTC 2026","passed","Wed Sep 30 13:13:36 UTC 2026","TestCheckout","test_checkout","",""
"","419","BUG-101: у problem_user все карточки показывают одну картинку","tests","Wed Sep 30 13:13:39 UTC 2026","skipped","Wed Sep 30 13:13:39 UTC 2026","TestKnownDefects","test_inventory","",""
"","391","BUG-102: у problem_user не работает сортировка","tests","Wed Sep 30 13:13:39 UTC 2026","skipped","Wed Sep 30 13:13:40 UTC 2026","TestKnownDefects","test_inventory","",""
"","264","Пустое поле «пароль» блокирует вход","tests","Wed Sep 30 13:13:41 UTC 2026","passed","Wed Sep 30 13:13:41 UTC 2026","TestLogin","test_login","",""
"","321","В корзину попадают именно выбранные товары","tests","Wed Sep 30 13:13:36 UTC 2026","passed","Wed Sep 30 13:13:36 UTC 2026","TestCart","test_cart","",""
"","196","Пустая корзина не содержит позиций","tests","Wed Sep 30 13:13:37 UTC 2026","passed","Wed Sep 30 13:13:37 UTC 2026","TestCart","test_cart","",""
